method,option,option_key,eps,price,reference,abs_error,std_error,rmse_proxy,runtime,cost,L,N_l,n_paths,n_steps,converged,rep,level_means,level_vars,allocation_rounds_by_L
Standard MC,European Call,european,5e-05,0.1045232497176138,0.10450583572185568,1.7413995758122636e-05,3.5610499131592916e-05,3.964031907874977e-05,7329.56076449994,1119757598720,,[17086145],17086145,65536.0,True,0,,,
Original Giles MLMC,European Call,european,5e-05,0.10455556451427947,0.10450583572185568,4.9728792423792134e-05,3.53912752251174e-05,6.103683443617153e-05,0.4606101668905467,57074295,3.0,"[25580690, 2125813, 518783, 131111]",28356397,,True,0,"[0.10205890992221633, 0.0021060989319272036, 0.0003171092681508571, 7.3446391985081e-05]","[0.01610920132705441, 0.0004448138434249653, 0.00010630432396039516, 2.735586487273294e-05]",
Modified MLMC,European Call,european,5e-05,0.10459114239673285,0.10450583572185568,8.530667487717525e-05,0.00010390762204680055,0.00013443966192318706,0.19647462503053248,28583160,3.0,"[1610000, 1210000, 520586, 131393]",3471979,,True,0,"[0.10209761433849449, 0.0021361332444549005, 0.0003032079685796251, 5.4186845203851615e-05]","[0.016123004171101997, 0.0004472301549207262, 0.00010663283785346471, 2.7337837369468032e-05]","[8, 8, 8, 8]"
Standard MC,European Call,european,0.0001,0.10454108538208264,0.10450583572185568,3.5249660226957524e-05,7.117472006592549e-05,7.942530656269958e-05,537.7266159579158,70194806784,,[4284351],4284351,16384.0,True,0,,,
Original Giles MLMC,European Call,european,0.0001,0.10446298840228191,0.10450583572185568,4.284731957376886e-05,7.101874317777638e-05,8.294308094836865e-05,0.10930820787325501,14177319,3.0,"[6375049, 527694, 129250, 32235]",7064228,,True,0,"[0.10206099004667939, 0.002080166190983114, 0.00031284521046418066, 8.986954155236341e-06]","[0.016113405044452425, 0.0004411241929890708, 0.00010718688859077976, 2.7426906744378598e-05]",
Modified MLMC,European Call,european,0.0001,0.10463188325138371,0.10450583572185568,0.00012604752952803666,0.00011181225788119557,0.0001684932067254115,0.0700379591435194,9508465,3.0,"[1610000, 533425, 130111, 32864]",2306400,,True,0,"[0.10216959376337192, 0.002115702550666713, 0.0002851849837893342, 6.140195355573298e-05]","[0.016124521712664906, 0.00044730723563305027, 0.0001064512347180377, 2.7278307172986535e-05]","[8, 8, 8, 8]"
Standard MC,European Call,european,0.0002,0.10454048154312694,0.10450583572185568,3.464582127125915e-05,0.00014193593830136587,0.00014610319473936623,137.74313612491824,17645617152,,[1077003],1077003,16384.0,True,0,,,
Original Giles MLMC,European Call,european,0.0002,0.10454378673816273,0.10450583572185568,3.7951016307047336e-05,0.00013943225903105414,0.00014450479056848166,0.028149500023573637,3687613,3.0,"[1594108, 131377, 31831, 10000]",1767316,,True,0,"[0.10205725454992795, 0.002000198629723884, 0.00033457810368522526, 0.00015175545482566248]","[0.0161124031498639, 0.00043831151838058746, 0.00010298371213367528, 2.7622664689061723e-05]",
Modified MLMC,European Call,european,0.0002,0.10464384600004076,0.10450583572185568,0.00013801027818508005,0.00014053535751872048,0.00019696960069421314,0.03418495808728039,3675580,3.0,"[1556795, 132333, 32856, 10000]",1731984,,True,0,"[0.1021764328065157, 0.0020569028683729558, 0.00036215579074102926, 4.835453441107672e-05]","[0.016107905406626738, 0.00043989493364726483, 0.00010852470028775127, 2.7761568804759065e-05]","[8, 8, 8, 8]"
Standard MC,European Call,european,0.0005,0.1046576481842306,0.10450583572185568,0.0001518124623749173,0.0003488528665604417,0.00038045413158457485,5.8864692088682204,730243072,,[178282],178282,4096.0,True,0,,,
Original Giles MLMC,European Call,european,0.0005,0.10459988955330912,0.10450583572185568,9.405383145344448e-05,0.0003329480789985894,0.0003459776676606799,0.004290667129680514,500753,2.0,"[212778, 17595, 10000]",240373,,True,0,"[0.1021333913175718, 0.0021146037118458926, 0.0003518945238914215]","[0.01604457648214651, 0.0004383183761859561, 0.00010537651447750261]",
Modified MLMC,European Call,european,0.0005,0.10413692587991114,0.10450583572185568,0.00036890984194454246,0.00033751786657835407,0.0005000127815797822,0.006257666973397136,492168,2.0,"[206013, 17231, 10000]",233244,,True,0,"[0.10182302905672745, 0.002100837171005555, 0.00021305965217813396]","[0.015996332143848886, 0.000445239725823059, 0.00010431653087477224]","[6, 4, 4]"
Standard MC,European Call,european,0.001,0.10409515659746128,0.10450583572185568,0.0004106791243943947,0.0007075844691650047,0.0008181278165524432,0.3864996668417007,44174336,,[43139],43139,1024.0,True,0,,,
Original Giles MLMC,European Call,european,0.001,0.10454606868851765,0.10450583572185568,4.0232966661973846e-05,0.0005971020347939142,0.0005984559562419412,0.0034255830105394125,303759,2.0,"[53759, 10000, 10000]",73759,,True,0,"[0.10196859738549209, 0.0022074098966117055, 0.0003700614064138488]","[0.01613433172801317, 0.0004609782941784532, 0.00010309650206579232]",
Modified MLMC,European Call,european,0.001,0.10398383072166233,0.10450583572185568,0.0005220050001933513,0.0006051406571284909,0.0007991773489887977,0.00379995908588171,301966,2.0,"[51966, 10000, 10000]",71966,,True,0,"[0.1015050242240701, 0.002318898033688981, 0.00015990846390325503]","[0.016016261379806076, 0.000475210347096741, 0.00010467634000672645]","[5, 4, 4]"
Standard MC,Asian Call,asian,5e-05,0.057625009628566974,0.057427662839515906,0.00019734678905106856,3.517809127874721e-05,0.000200457609620545,2966.5130715828855,336787013632,,[5138962],5138962,65536.0,True,0,,,
Original Giles MLMC,Asian Call,asian,5e-05,0.057666022302155395,0.057427662839515906,0.0002383594626394897,3.541733631170114e-05,0.00024097639125275828,0.5700422080699354,58084855,4.0,"[12563830, 3945421, 591188, 96931, 19424]",17216794,,True,0,"[0.05103095003553799, 0.006077141981018698, 0.0005068188304941423, 5.025326912793035e-05, 8.581859766379927e-07]","[0.004029126182406373, 0.001589345029116889, 0.00014286998954806822, 1.536566312410088e-05, 2.538227582746298e-06]",
Modified MLMC,Asian Call,asian,5e-05,0.05767844279718616,0.057427662839515906,0.0002507799576702552,5.9294746870354494e-05,0.00025769449775948726,0.3275156661402434,35857400,4.0,"[2010000, 1610000, 590958, 96632, 19524]",4327114,,True,0,"[0.051016903501257295, 0.006092792610429507, 0.00047911374702825916, 6.203441207234488e-05, 2.759852639875274e-05]","[0.004023397129943208, 0.001588746263619351, 0.00014268448993748565, 1.526336518087907e-05, 2.498649663561999e-06]","[8, 8, 8, 8, 8]"
Standard MC,Asian Call,asian,0.0001,0.057684570526571805,0.057427662839515906,0.00025690768705589895,7.027325447027072e-05,0.00026634543352994645,188.52370462496765,21143568384,,[1290501],1290501,16384.0,True,0,,,
Original Giles MLMC,Asian Call,asian,0.0001,0.05762173684104775,0.057427662839515906,0.0001940740015318465,7.079693565752527e-05,0.00020658393976560457,0.11681783385574818,11618476,3.0,"[2819111, 884437, 132615, 21561]",3857724,,True,0,"[0.051053681683913874, 0.00601338654924712, 0.0005031310283664413, 5.153757952031912e-05]","[0.004033774624242826, 0.0015889265379130863, 0.00014285834981106802, 1.5255639151398557e-05]",
Modified MLMC,Asian Call,asian,0.0001,0.05771269346130162,0.057427662839515906,0.0002850306217857118,7.796169045537752e-05,0.0002955003900745473,0.11120354221202433,10431100,3.0,"[1610000, 885684, 132698, 21734]",2650116,,True,0,"[0.05102247118887851, 0.006119026650146315, 0.0004964896930565582, 7.470592922023416e-05]","[0.00402886069025148, 0.001589380451664167, 0.00014262303147726706, 1.5350940299303874e-05]","[8, 8, 8, 8]"
Standard MC,Asian Call,asian,0.0002,0.05767930289220481,0.057427662839515906,0.0002516400526889062,0.00014189101739936298,0.0002888871352897214,47.67494475003332,5191106560,,[316840],316840,16384.0,True,0,,,
Original Giles MLMC,Asian Call,asian,0.0002,0.05784993528517251,0.057427662839515906,0.0004222724456566032,0.00013681745747630292,0.00044388403331398267,0.031757666962221265,3278703,3.0,"[704803, 221888, 33223, 10000]",969914,,True,0,"[0.05098277831337567, 0.006306397228052424, 0.00048378083305465337, 7.697891068975637e-05]","[0.004020936409151533, 0.001596976588779002, 0.0001429552519012453, 1.513847169821567e-05]",
Modified MLMC,Asian Call,asian,0.0002,0.057712878701871015,0.057427662839515906,0.0002852158623551093,0.00013950278862064023,0.0003175045136244581,0.03988529206253588,3177721,3.0,"[672031, 213310, 31957, 10000]",927298,,True,0,"[0.05104386089789698, 0.006060094690250948, 0.000533309428720249, 7.561368500283178e-05]","[0.004014314673878357, 0.00158773362147033, 0.0001436100540476053, 1.550452774510691e-05]","[7, 7, 5, 3]"
Standard MC,Asian Call,asian,0.0005,0.05811374076854031,0.057427662839515906,0.0006860779290244062,0.0003485227668212043,0.0007695265061627999,2.1817264170385897,215027712,,[52497],52497,4096.0,True,0,,,
Original Giles MLMC,Asian Call,asian,0.0005,0.05761782535071624,0.057427662839515906,0.00019016251120033273,0.0003103291107696309,0.0003639587032303068,0.010167208034545183,1291354,3.0,"[113254, 35620, 10000, 10000]",168874,,True,0,"[0.0510347229459327, 0.0058843075456031105, 0.0006443468710182273, 5.444798816220415e-05]","[0.004026234391333253, 0.0015937427921393222, 0.0001446451837166525, 1.546236223433406e-05]",
Modified MLMC,Asian Call,asian,0.0005,0.05722578459482924,0.057427662839515906,0.00020187824468666238,0.0003157403589311143,0.0003747623245948248,0.010575666092336178,1276544,3.0,"[107394, 33830, 10000, 10000]",161224,,True,0,"[0.05064974669173254, 0.006047957267784027, 0.0004160679422629621, 0.00011201269304971695]","[0.003992411207456312, 0.0015827479832080454, 0.00014144802763064475, 1.5864679881708365e-05]","[5, 5, 4, 3]"
Standard MC,Asian Call,asian,0.001,0.05710968956039328,0.057427662839515906,0.00031797327912262696,0.0007058575219483067,0.0007741717170802614,0.1520575829781592,12999680,,[12695],12695,1024.0,True,0,,,
Original Giles MLMC,Asian Call,asian,0.001,0.05701401485378986,0.057427662839515906,0.00041364798572604555,0.0005839805833555713,0.0007156381612459806,0.003807875094935298,274346,2.0,"[24346, 10000, 10000]",44346,,True,0,"[0.05024313017359536, 0.006074391344292396, 0.0006964933359021061]","[0.004004841520429574, 0.0016245566693466364, 0.0001408075508795661]",
Modified MLMC,Asian Call,asian,0.001,0.05753899487353497,0.057427662839515906,0.00011133203401906405,0.0005896868511505428,0.0006001044944163178,0.0037657080683857203,273628,2.0,"[23628, 10000, 10000]",43628,,True,0,"[0.05112021004547078, 0.005974655827368572, 0.0004441290006956173]","[0.004037920267980675, 0.0016232747140221759, 0.00014507552020643456]","[1, 5, 4]"
Standard MC,European Call,european,5e-05,0.10445805001792176,0.10450583572185568,4.7785703933919677e-05,3.520946938844489e-05,5.935638327152409e-05,8993.61282499996,1144950095872,,[17470552],17470552,65536.0,True,1,,,
Original Giles MLMC,European Call,european,5e-05,0.10450645612862813,0.10450583572185568,6.204067724557838e-07,3.5402845920982985e-05,3.540828157180423e-05,0.4516775000374764,56896981,3.0,"[25549666, 2124831, 516626, 129883]",28321006,,True,1,"[0.10209606180213826, 0.0021017833260179733, 0.00027428927794431436, 3.432172252758476e-05]","[0.016120121175372034, 0.00044586686446623487, 0.00010597031627069512, 2.6947134052455034e-05]",
Modified MLMC,European Call,european,5e-05,0.10431491106978469,0.10450583572185568,0.00019092465207098952,0.00010386975117843971,0.00021735028865474133,0.20447754207998514,28474300,3.0,"[1610000, 1210000, 518487, 130557]",3469044,,True,1,"[0.10194213913705985, 0.0020531931178674728, 0.0002906747597350943, 2.890405512225875e-05]","[0.01611674000592972, 0.00044293610829154387, 0.00010622443899386436, 2.710244771388219e-05]","[8, 8, 8, 8]"
Standard MC,European Call,european,0.0001,0.10449532780719849,0.10450583572185568,1.0507914657190143e-05,6.989508384250527e-05,7.068054198853904e-05,594.1512115420774,72646443008,,[4433987],4433987,16384.0,True,1,,,
Original Giles MLMC,European Call,european,0.0001,0.10439371559912593,0.10450583572185568,0.00011212012272975025,7.066223489734411e-05,0.00013252951883117094,0.11422829097136855,14245839,3.0,"[6388084, 527903, 128828, 33021]",7077836,,True,1,"[0.10203110119873816, 0.0020722543521504103, 0.00028301742793945556, 7.342620297891481e-06]","[0.01609999397128032, 0.0004404126656694974, 0.00010474094431922646, 2.7260069232453842e-05]",
Modified MLMC,European Call,european,0.0001,0.10442018037664158,0.10450583572185568,8.565534521409734e-05,0.00011176317128730001,0.00014081137958254846,0.09109512506984174,9527720,3.0,"[1610000, 533064, 130412, 33052]",2306528,,True,1,"[0.10189633273787081, 0.002149547493947529, 0.0003179078736037199, 5.63922712195262e-05]","[0.01610039710225607, 0.0004461727172687509, 0.00010684952206166025, 2.7579927511332205e-05]","[8, 8, 8, 8]"
Standard MC,European Call,european,0.0002,0.10436234516641549,0.10450583572185568,0.00014349055544018996,0.0001411726536336884,0.0002012939582662917,145.60264800000004,17806966784,,[1086851],1086851,16384.0,True,1,,,
Original Giles MLMC,European Call,european,0.0002,0.10463864419958276,0.10450583572185568,0.00013280847772707827,0.00013959699942569945,0.0001926795630180912,0.029906792100518942,3720839,3.0,"[1601889, 133930, 32465, 10000]",1778284,,True,1,"[0.10201277311182194, 0.0022370203050661995, 0.0003005133701638252, 8.833741253079168e-05]","[0.01609639625379274, 0.00045304188428512267, 0.00010720818849014262, 2.753991527083952e-05]",
Modified MLMC,European Call,european,0.0002,0.10421311899959404,0.10450583572185568,0.0002927167222616378,0.0001405170632943693,0.000324696973451356,0.03303629206493497,3674767,3.0,"[1555682, 132777, 32760, 10000]",1731219,,True,1,"[0.10187778131918446, 0.0020563396844272565, 0.00025314270272500767, 2.5855293257330236e-05]","[0.016073088374426066, 0.00044319309817922, 0.00010820485876018369, 2.7723531016358647e-05]","[8, 8, 8, 8]"
Standard MC,European Call,european,0.0005,0.10463409987572446,0.10450583572185568,0.00012826415386878176,0.0003437412038667259,0.0003668919573981154,6.7624392081052065,752025600,,[183600],183600,4096.0,True,1,,,
Original Giles MLMC,European Call,european,0.0005,0.10458639771379054,0.10450583572185568,8.056199193486047e-05,0.00033393725858220244,0.0003435175791919669,0.004811584018170834,507022,2.0,"[215487, 18307, 10000]",243794,,True,1,"[0.10206208073162264, 0.0021397735759010285, 0.0003845434062668629]","[0.016119703878990987, 0.0004621843081627806, 0.00011461853840935933]",
Modified MLMC,European Call,european,0.0005,0.104154765131959,0.10450583572185568,0.00035107058989668205,0.0003374358089550025,0.0004869429989798819,0.006325833033770323,493079,2.0,"[207374, 17141, 10000]",234515,,True,1,"[0.10193648332839031, 0.002033033285688173, 0.00018524851788051397]","[0.016112278821580197, 0.0004402736432295101, 0.00010480797208192251]","[6, 4, 4]"
Standard MC,European Call,european,0.001,0.10354180964479621,0.10450583572185568,0.0009640260770594627,0.0007106514513833904,0.0011976526051422326,0.4935877500101924,43593728,,[42572],42572,1024.0,True,1,,,
Original Giles MLMC,European Call,european,0.001,0.1032725668571529,0.10450583572185568,0.0012332688647027773,0.0005962160823058667,0.0013698268903206104,0.0032354581635445356,302791,2.0,"[52791, 10000, 10000]",72791,,True,1,"[0.10105775533353642, 0.0018719485359737814, 0.0003428629876427031]","[0.016013492051864163, 0.00041331115801747386, 0.00010804961420371384]",
Modified MLMC,European Call,european,0.001,0.10342708719006102,0.10450583572185568,0.0010787485317946544,0.0006037028096653244,0.0012361858586988162,0.004113459028303623,301022,2.0,"[51022, 10000, 10000]",71022,,True,1,"[0.10150772660847567, 0.001705645714843843, 0.00021371486674150907]","[0.01606293883047955, 0.00039155554358728806, 0.00010477749463570534]","[5, 4, 4]"
Standard MC,Asian Call,asian,5e-05,0.057679265970847104,0.057427662839515906,0.00025160313133119894,3.487979121113022e-05,0.0002540093217395704,3173.774591125082,342900736000,,[5232250],5232250,65536.0,True,1,,,
Original Giles MLMC,Asian Call,asian,5e-05,0.0575950242951895,0.057427662839515906,0.0001673614556735939,3.5323885312724484e-05,0.0001710486296898366,0.5858971669804305,58310186,4.0,"[12586206, 3949688, 592273, 97142, 19871]",17245180,,True,1,"[0.05101402106653026, 0.006053724903065185, 0.0005004548713654932, 3.115144339092854e-05, -4.32798916237001e-06]","[0.00402798273664125, 0.0015859786583799164, 0.00014275098148166133, 1.5345488631858072e-05, 2.5277525036559706e-06]",
Modified MLMC,Asian Call,asian,5e-05,0.05758013269200229,0.057427662839515906,0.0001524698524863824,5.9325834663093434e-05,0.00016360504446896466,0.37340366607531905,35803260,4.0,"[2010000, 1610000, 590087, 96625, 19411]",4326123,,True,1,"[0.05102729138307706, 0.006046092767494035, 0.0004833915472792633, 3.539830602639389e-05, -1.204131187446011e-05]","[0.004030792341018889, 0.001590289326077149, 0.0001423488694240819, 1.5268315078006044e-05, 2.4686539688100583e-06]","[8, 8, 8, 8, 8]"
Standard MC,Asian Call,asian,0.0001,0.057713010824332646,0.057427662839515906,0.00028534798481674034,6.968334059772959e-05,0.0002937332810490392,202.77602133294567,21497184256,,[1312084],1312084,16384.0,True,1,,,
Original Giles MLMC,Asian Call,asian,0.0001,0.05766179744883841,0.057427662839515906,0.00023413460932250607,7.078799034400125e-05,0.0002446016248096994,0.11779062496498227,11608586,3.0,"[2816791, 883923, 131865, 21686]",3854265,,True,1,"[0.05103912964968025, 0.006020130479459689, 0.0005157524670431863, 8.678485265529078e-05]","[0.00402994303068729, 0.0015870395400572111, 0.00014153683166218773, 1.542866239070539e-05]",
Modified MLMC,Asian Call,asian,0.0001,0.057654981357485716,0.057427662839515906,0.00022731851796981006,7.792930386608001e-05,0.0002403053994671004,0.11900662491098046,10391095,3.0,"[1610000, 883807, 132303, 21450]",2647560,,True,1,"[0.051004885145470844, 0.00607304354132747, 0.0004617357480955483, 0.00011531692259185363]","[0.004023867841912204, 0.0015887986909083312, 0.00014236575331321176, 1.501382341850876e-05]","[8, 8, 8, 8]"
Standard MC,Asian Call,asian,0.0002,0.05746180380629157,0.057427662839515906,3.4140966775661474e-05,0.00014065610112655647,0.0001447402652909718,50.62164350016974,5230247936,,[319229],319229,16384.0,True,1,,,
Original Giles MLMC,Asian Call,asian,0.0002,0.057512539225518966,0.057427662839515906,8.487638600306047e-05,0.00013678644853801808,0.00016097991615286793,0.032742375042289495,3290537,3.0,"[708417, 222516, 33477, 10000]",974410,,True,1,"[0.05101625080395818, 0.005924945554093267, 0.0005184308568531196, 5.291201061440806e-05]","[0.0040310452499552904, 0.0015904013755413413, 0.00014373343966273222, 1.5794616107236014e-05]",
Modified MLMC,Asian Call,asian,0.0002,0.057627795342079305,0.057427662839515906,0.00020013250256339932,0.00013965260898950055,0.00024404071336533862,0.027878083055838943,3164886,3.0,"[670896, 212242, 31639, 10000]",924777,,True,1,"[0.051075497787286345, 0.006058307218647631, 0.00045959385983714246, 3.439647630818966e-05]","[0.004024924179975491, 0.0015844294353132445, 0.00014287432197855588, 1.5225564548483868e-05]","[7, 7, 5, 3]"
Standard MC,Asian Call,asian,0.0005,0.05768813157805187,0.057427662839515906,0.00026046873853596136,0.0003488472246421333,0.000435360023308335,2.2229823330417275,215482368,,[52608],52608,4096.0,True,1,,,
Original Giles MLMC,Asian Call,asian,0.0005,0.05757562637457359,0.057427662839515906,0.0001479635350576866,0.00031072492105844405,0.00034415575583381363,0.013399707851931453,1289488,3.0,"[112413, 35415, 10000, 10000]",167828,,True,1,"[0.05081103016942849, 0.006180567608272249, 0.0005239081590436792, 6.0120437829174514e-05]","[0.004008413401530925, 0.0015930701011936197, 0.00014389294196370662, 1.5198458672917375e-05]",
Modified MLMC,Asian Call,asian,0.0005,0.057568696720957165,0.057427662839515906,0.000141033881441259,0.0003156735698487524,0.0003457460895157634,0.020802415907382965,1279147,3.0,"[107927, 34244, 10000, 10000]",162171,,True,1,"[0.050929029692012975, 0.006036877285636257, 0.0005094554371284731, 9.333430617945631e-05]","[0.004007385086162337, 0.0016078546652108228, 0.00014010086215050872, 1.556314462581291e-05]","[5, 5, 4, 3]"
Standard MC,Asian Call,asian,0.001,0.056189797067516326,0.057427662839515906,0.00123786577199958,0.0006988092466685174,0.0014214942957034816,0.23638424999080598,12912640,,[12610],12610,1024.0,True,1,,,
Original Giles MLMC,Asian Call,asian,0.001,0.058249965710457735,0.057427662839515906,0.0008223028709418295,0.0005808187643356588,0.0010067434869735074,0.002288250019773841,274143,2.0,"[24143, 10000, 10000]",44143,,True,1,"[0.05102532831738133, 0.006731561146879565, 0.0004930762461968368]","[0.004078571228398827, 0.0015442578122244516, 0.00013990752439421174]",
Modified MLMC,Asian Call,asian,0.001,0.05749537936314576,0.057427662839515906,6.771652362985714e-05,0.0005861298581597926,0.0005900285910012595,0.002686625113710761,273158,2.0,"[23158, 10000, 10000]",43158,,True,1,"[0.05122401271605706, 0.005706823450867044, 0.0005645431962216556]","[0.003998952851070887, 0.0015662994592162925, 0.00014236994687046606]","[1, 5, 4]"
Standard MC,European Call,european,5e-05,0.10455871855812254,0.10450583572185568,5.288283626686541e-05,3.549178523611357e-05,6.368878387027424e-05,9450.488848292036,1127573880832,,[17205412],17205412,65536.0,True,2,,,
Original Giles MLMC,European Call,european,5e-05,0.10449137095579296,0.10450583572185568,1.4464766062718959e-05,3.5443008393506795e-05,3.828101750517323e-05,0.4703530417755246,56714046,3.0,"[25506916, 2107026, 519216, 128596]",28261754,,True,2,"[0.10204699253071359, 0.002057239636717009, 0.00032461930294539143, 6.251948541697127e-05]","[0.01611389142875052, 0.0004394189775056155, 0.00010685552706650392, 2.7019280247210265e-05]",
Modified MLMC,European Call,european,5e-05,0.1047872489809763,0.10450583572185568,0.000281413259120622,0.00010389812868624237,0.0002999804052824006,0.23259641602635384,28480780,3.0,"[1610000, 1210000, 518939, 130525]",3469464,,True,2,"[0.10234794433407646, 0.0021131356688669466, 0.0002810198829271959, 4.51490951056927e-05]","[0.016124802700546625, 0.0004448318794900254, 0.00010625430824707613, 2.702299602512923e-05]","[8, 8, 8, 8]"
Standard MC,European Call,european,0.0001,0.10449008918087602,0.10450583572185568,1.5746540979660884e-05,7.118114589594197e-05,7.290205130093059e-05,596.7140849167481,69996036096,,[4272219],4272219,16384.0,True,2,,,
Original Giles MLMC,European Call,european,0.0001,0.10441368322114201,0.10450583572185568,9.21525007136631e-05,7.063757800328091e-05,0.00011611094183560511,0.12658479204401374,14265657,3.0,"[6391947, 532402, 128905, 32920]",7086174,,True,2,"[0.10201674845018671, 0.0020970212458187878, 0.0002813394293175187, 1.857409581899472e-05]","[0.01610030420936126, 0.00044721470819033215, 0.0001047460082438194, 2.6936727119824462e-05]",
Modified MLMC,European Call,european,0.0001,0.10442034935876783,0.10450583572185568,8.548636308784718e-05,0.000111707669166536,0.00014066457131988672,0.07926995772868395,9520140,3.0,"[1610000, 529884, 130024, 33253]",2303161,,True,2,"[0.10195075280605391, 0.002072509706191819, 0.0003138902871168148, 8.31965594052998e-05]","[0.016079602428827073, 0.0004415332527165032, 0.00010639831881027918, 2.7922914202867018e-05]","[8, 8, 8, 8]"
Standard MC,European Call,european,0.0002,0.10465454138036005,0.10450583572185568,0.000148705658504375,0.0001407332499705491,0.00020474183871034484,153.8274781247601,17965826048,,[1096547],1096547,16384.0,True,2,,,
Original Giles MLMC,European Call,european,0.0002,0.10436123351698902,0.10450583572185568,0.00014460220486665898,0.00013942942664753238,0.0002008739969920418,0.027753999922424555,3685146,3.0,"[1590811, 132475, 31598, 10000]",1764884,,True,2,"[0.1019877313614085, 0.0020628299507623594, 0.0002504384964727774, 6.023370834538482e-05]","[0.016093412954766195, 0.0004465784875435282, 0.0001033597450817622, 2.6819569258145774e-05]",
Modified MLMC,European Call,european,0.0002,0.10464088979233983,0.10450583572185568,0.00013505407048415574,0.00014045430889934423,0.00019485126338500275,0.02573895826935768,3677008,3.0,"[1556593, 133159, 32731, 10000]",1732483,,True,2,"[0.10209834632540347, 0.0021265265149628043, 0.00029944837849991615, 0.0001165685734736461]","[0.016113632818842025, 0.0004453766371603099, 0.00010780813726602615, 2.737092508694184e-05]","[8, 8, 8, 8]"
Standard MC,European Call,european,0.0005,0.10397017279626036,0.10450583572185568,0.0005356629255953149,0.00036051650134075533,0.00064568329511945,5.6884720409289,680587264,,[166159],166159,4096.0,True,2,,,
Original Giles MLMC,European Call,european,0.0005,0.10478921085772472,0.10450583572185568,0.0002833751358690406,0.0003332211640580215,0.0004374217779271856,0.004369165748357773,502283,2.0,"[214248, 17607, 10000]",241855,,True,2,"[0.10257429131860535, 0.0019665574731269494, 0.00024836206599241565]","[0.016188756041994955, 0.0004348118511590123, 0.0001078012049163021]",
Modified MLMC,European Call,european,0.0005,0.104974490441713,0.10450583572185568,0.00046865471985732543,0.00033752520290164284,0.0005775469756118054,0.0063525838777422905,496461,2.0,"[208741, 17544, 10000]",236285,,True,2,"[0.1025099499271987, 0.0022525636075783, 0.00021197690693599603]","[0.016201583899202784, 0.0004553943648472539, 0.00010350267188742974]","[6, 4, 4]"
Standard MC,European Call,european,0.001,0.10423745020775144,0.10450583572185568,0.0002683855141042413,0.0006981958619092398,0.0007480028380749529,0.491457334253937,45423616,,[44359],44359,1024.0,True,2,,,
Original Giles MLMC,European Call,european,0.001,0.10423131864072907,0.10450583572185568,0.00027451708112660733,0.000596431161438773,0.0006565742594447912,0.003274916671216488,302739,2.0,"[52739, 10000, 10000]",72739,,True,2,"[0.1018392203574705, 0.0020874947880047392, 0.0003046034952538243]","[0.015989430034482506, 0.00042107070643150694, 0.00010442680191446007]",
Modified MLMC,European Call,european,0.001,0.10439173003746699,0.10450583572185568,0.00011410568438868784,0.0006050309015611954,0.0006156967590086566,0.004023334011435509,301540,2.0,"[51540, 10000, 10000]",71540,,True,2,"[0.10177459438359417, 0.0023442986306263557, 0.00027283702324647685]","[0.01594573354312263, 0.00045970598118627755, 0.0001070619917502182]","[5, 4, 4]"
Standard MC,Asian Call,asian,5e-05,0.05767662605632407,0.057427662839515906,0.0002489632168081665,3.554315124182316e-05,0.00025148757210579855,3171.0200762921013,330334208000,,[5040500],5040500,65536.0,True,2,,,
Original Giles MLMC,Asian Call,asian,5e-05,0.05759662576841461,0.057427662839515906,0.00016896292889870268,3.538619705011958e-05,0.00017262866008776743,0.7005492909811437,58015761,4.0,"[12549771, 3946518, 590910, 96464, 19369]",17203032,,True,2,"[0.051000558149496854, 0.006063891019158184, 0.0004754803177059618, 4.167614805269315e-05, 1.5020134000918038e-05]","[0.004024206659836775, 0.0015906812816882624, 0.0001428296356168033, 1.524113147972951e-05, 2.4938420208016643e-06]",
Modified MLMC,Asian Call,asian,5e-05,0.05769189863954073,0.057427662839515906,0.0002642358000248257,5.9266180667131264e-05,0.00027080073520141843,0.3820695001631975,35696620,4.0,"[2010000, 1610000, 590079, 96294, 19161]",4325534,,True,2,"[0.05108285883592231, 0.0060432372549863375, 0.0005104824567136551, 3.85578049568459e-05, 1.676228696158554e-05]","[0.0040237206112178495, 0.0015848536984411658, 0.00014285866101967774, 1.521857820999395e-05, 2.41628227669881e-06]","[8, 8, 8, 8, 8]"
Standard MC,Asian Call,asian,0.0001,0.057579502160723085,0.057427662839515906,0.00015183932120717974,7.059674668008075e-05,0.0001674487387425435,201.7102690418251,20893810688,,[1275257],1275257,16384.0,True,2,,,
Original Giles MLMC,Asian Call,asian,0.0001,0.0576453204628342,0.057427662839515906,0.00021765762331829586,7.07541254705804e-05,0.00022886893030657482,0.12880362523719668,11593747,3.0,"[2815112, 883011, 132159, 21505]",3851787,,True,2,"[0.05101806101116105, 0.0060442164755109655, 0.0005124277531039882, 7.061522305818992e-05]","[0.004028081091419531, 0.0015838537866900047, 0.0001415266158646184, 1.5283400776852605e-05]",
Modified MLMC,Asian Call,asian,0.0001,0.057579643482311954,0.057427662839515906,0.0001519806427960485,7.795065753420936e-05,0.00017080521301973098,0.10896654240787029,10460925,3.0,"[1610000, 888209, 132906, 21897]",2653012,,True,2,"[0.05098630915703756, 0.006009890346746922, 0.0005382418963093814, 4.520208221809698e-05]","[0.00402127789928073, 0.001594634635900251, 0.00014270424281965144, 1.5537160787275533e-05]","[8, 8, 8, 8]"
Standard MC,Asian Call,asian,0.0002,0.057836644394775615,0.057427662839515906,0.000408981555259709,0.00013882950627152729,0.00043190223934849704,53.710127458907664,5421596672,,[330908],330908,16384.0,True,2,,,
Original Giles MLMC,Asian Call,asian,0.0002,0.05789338619043592,0.057427662839515906,0.0004657233509200165,0.0001368485565568029,0.00048541298604780787,0.030189292039722204,3267843,3.0,"[704698, 220285, 33086, 10000]",968069,,True,2,"[0.05101724409229404, 0.006203474254662525, 0.0005609469979923342, 0.00011172084548702232]","[0.004029185482289479, 0.0015764891575513775, 0.00014334920237522525, 1.5207085612522297e-05]",
Modified MLMC,Asian Call,asian,0.0002,0.05760223897208696,0.057427662839515906,0.00017457613257105403,0.00013946954352277058,0.000223447039886225,0.03915233304724097,3169682,3.0,"[671177, 212765, 31734, 10000]",925676,,True,2,"[0.051011307330892715, 0.0060751421811898335, 0.000495405133938631, 2.038432606578275e-05]","[0.004018104651016418, 0.0015842668251600082, 0.0001425225484348843, 1.527849291464719e-05]","[7, 7, 5, 3]"
Standard MC,Asian Call,asian,0.0005,0.05704695686506818,0.057427662839515906,0.0003807059744477259,0.00035845549855384164,0.0005229028431971619,2.110130792018026,198770688,,[48528],48528,4096.0,True,2,,,
Original Giles MLMC,Asian Call,asian,0.0005,0.057733556755235636,0.057427662839515906,0.00030589391571973074,0.00031003418821626315,0.000435536778627554,0.011109415907412767,1292405,3.0,"[113350, 35811, 10000, 10000]",169161,,True,2,"[0.05117119047947611, 0.006054232975988465, 0.00043317848958512856, 7.495481018593473e-05]","[0.004029696444716008, 0.0016013083995297158, 0.00014304930510091566, 1.5498048387772755e-05]",
Modified MLMC,Asian Call,asian,0.0005,0.05786897565630306,0.057427662839515906,0.00044131281678715106,0.00031544161747726584,0.0005424577553112161,0.013024082873016596,1276437,3.0,"[108102, 33667, 10000, 10000]",161769,,True,2,"[0.05137806632791733, 0.006017132107165586, 0.00043133313465224806, 4.2444086567893386e-05]","[0.004053940621903506, 0.0015733890568250739, 0.00013712739845100154, 1.555738919530722e-05]","[5, 5, 4, 3]"
Standard MC,Asian Call,asian,0.001,0.05804820100935409,0.057427662839515906,0.000620538169838182,0.0007039963548831288,0.0009384447175592458,0.22538958303630352,13110272,,[12803],12803,1024.0,True,2,,,
Original Giles MLMC,Asian Call,asian,0.001,0.05896023982712628,0.057427662839515906,0.0015325769876103762,0.0005854253894342487,0.0016405837709629878,0.0031498330645263195,274385,2.0,"[24385, 10000, 10000]",44385,,True,2,"[0.051371660622483384, 0.007050982424199911, 0.0005375967804429885]","[0.004058155685948388, 0.001617696514204126, 0.0001453307171480155]",
Modified MLMC,Asian Call,asian,0.001,0.057698812469174236,0.057427662839515906,0.0002711496296583307,0.0005849943285799919,0.0006447794088947053,0.003668791614472866,273242,2.0,"[23242, 10000, 10000]",43242,,True,2,"[0.051167368707184656, 0.00593961775552831, 0.0005918260064612728]","[0.004016125346364495, 0.0015529190827048489, 0.00014130425464340256]","[1, 5, 4]"
