Experiment,option,eps,rmse_original,rmse_modified,RMSE_Ratio,cost_original,cost_modified,Cost_Ratio,runtime_original,runtime_modified,Runtime_Ratio,efficiency_original,efficiency_modified,Efficiency_Ratio,price_original,price_modified,std_error_original,std_error_modified,Comparable_RMSE,Modified_Better,Accuracy_Rank,Accuracy_Count,Accuracy_Level
Asian Call | eps=1e-03,Asian Call,0.001,0.0010321625987229088,0.0001736879107625561,0.16827572610890915,274291.3333333333,273342.6666666667,0.9965413902979072,0.003081986059745153,0.0033737082655231156,1.0946539666704673,3.4220919796105846,121.27000364121557,35.4373886978384,0.05807474013045796,0.057577728901951654,0.0005834082457084929,0.0005869370126301091,False,True,5,5,lowest accuracy target
Asian Call | eps=5e-04,Asian Call,0.0005,0.00022481553627150537,0.0002917775314931821,1.297853059144489,1291082.3333333333,1277376.0,0.9893838425486421,0.011558777264629802,0.014800721624245247,1.28047468044357,15.324750773704737,9.195546743743675,0.6000454349653782,0.05764233616017516,0.05755448565736315,0.00031036274001477933,0.0003156185154190442,False,False,4,5,intermediate accuracy target 4/5
Asian Call | eps=2e-04,Asian Call,0.0002,0.00036624957740768256,0.00022500217242264127,0.6143411113678504,3279027.6666666665,3170763.0,0.9669826919219855,0.031563111348077655,0.0356385693885386,1.1291209220636342,2.2735298179046515,6.2296377827083225,2.740073050130361,0.05775195356704246,0.057647637672012426,0.00013681748752370797,0.00013954164704430377,False,True,3,5,intermediate accuracy target 3/5
Asian Call | eps=1e-04,Asian Call,0.0001,0.00021591555011296653,0.00022804552159034716,1.0561792398511096,11606936.333333334,10427706.666666666,0.898403021021137,0.12113736135264237,0.11305890317695837,0.9333115887164914,1.8480535678244998,1.8440304931926719,0.9978230746652199,0.05764295158424012,0.05764910610036642,7.077968382403564e-05,7.794721728522229e-05,True,False,2,5,intermediate accuracy target 2/5
Asian Call | eps=5e-05,Asian Call,5e-05,0.00019439955556962114,0.00022800453292356118,1.1728655050443515,58136934.0,35785760.0,0.6155426084216963,0.6188295553438365,0.3609962774595867,0.5833533229663028,0.45515292722224504,0.5375301051590167,1.1809879119958904,0.05761922412191983,0.05765015804290973,3.5375806224848397e-05,5.929558740019306e-05,True,True,1,5,highest accuracy target
European Call | eps=1e-03,European Call,0.001,0.0007298242738454176,0.0006950318271575276,0.9523276383990767,303096.3333333333,301509.3333333333,0.9947640409154845,0.003311985948433479,0.003978917375206947,1.2013690387451423,6.194164142015154,6.865779549450217,1.1084271246348607,0.10401665139546655,0.10393421598306345,0.0005965830928461847,0.0006046247894516702,True,True,5,5,lowest accuracy target
European Call | eps=5e-04,European Call,0.0005,0.00017854768306569416,0.0003995757237447823,2.237921640225171,503352.6666666667,493902.6666666667,0.9812258866877961,0.004490472298736374,0.006312027961636583,1.4056490145619644,62.31881526136702,12.681202553696009,0.20348914690548364,0.10465849937494147,0.10442206048452772,0.00033336883387960443,0.00033749295947833316,False,False,4,5,intermediate accuracy target 4/5
European Call | eps=2e-04,European Call,0.0002,0.00011545297606561273,0.00020245947605274767,1.75360985010632,3697866.0,3675785.0,0.9940287181850289,0.028603430682172377,0.030986736140524346,1.0833223638392933,20.28796868235992,6.637028485928734,0.32714110465379065,0.10451455481824483,0.1044992849306582,0.00013948622836809532,0.00014050224323747802,False,False,3,5,intermediate accuracy target 3/5
European Call | eps=1e-04,European Call,0.0001,8.736684745632944e-05,0.0001008839864032852,1.154717027574016,14229605.0,9518775.0,0.6689416185480904,0.1167070969628791,0.08013434731401503,0.6866278863872629,9.2069084666652,10.32225227125302,1.121142054211364,0.10442346240751661,0.10449080432893104,7.07728520261338e-05,0.00011176103277834387,True,True,2,5,intermediate accuracy target 2/5
European Call | eps=5e-05,European Call,5e-05,2.990299404040283e-05,0.0002024210742947473,6.769257754633203,56895107.333333336,28512746.666666668,0.50114584545237,0.4608802362345159,0.2111828610456238,0.4582163530617633,19.65602656302119,0.8559521629635015,0.043546550988784336,0.10451779719956684,0.10456443414916461,3.54123765132024e-05,0.00010389183397049421,False,False,1,5,highest accuracy target
